Client_Code|LE_ID|Customer_ID|Customer_Name|Customer_Active|Account_ID|Account_Name|Account_Active
899|test|1195|Customer 1|Yes|6650|Account 1|Yes
935|test|1471|Customer 2|Yes|4373|Account 2|Yes
957|test|1813|Customer 3|Yes|9343|Account 3|Yes
197|test|1404|Customer 4|Yes|1641|Account 4|Yes
994|test|1053|Customer 5|Yes|3908|Account 5|Yes
836|test|1111|Customer 6|Yes|7633|Account 6|Yes
674|test|1968|Customer 7|Yes|6549|Account 7|Yes
368|test|1713|Customer 8|Yes|5249|Account 8|Yes
974|test|1069|Customer 9|Yes|2348|Account 9|Yes
734|test|1388|Customer 10|Yes|1052|Account 10|Yes
772|test|1884|Customer 11|No|4166|Account 11|Yes
658|test|1452|Customer 12|No|4352|Account 12|Yes
152|test|1840|Customer 13|Yes|5892|Account 13|Yes
789|test|1326|Customer 14|Yes|7953|Account 14|Yes
923|test|1849|Customer 15|Yes|3528|Account 15|Yes
227|test|1414|Customer 16|Yes|2061|Account 16|Yes
173|test|1987|Customer 17|Yes|9901|Account 17|Yes
826|test|1969|Customer 18|Yes|4482|Account 18|Yes
580|test|1205|Customer 19|Yes|2354|Account 19|Yes
942|test|1336|Customer 20|Yes|8256|Account 20|Yes
259|test|1545|Customer 21|Yes|3924|Account 21|Yes
967|test|1812|Customer 22|Yes|2627|Account 22|No
671|test|1186|Customer 23|Yes|4987|Account 23|Yes
162|test|1140|Customer 24|No|2213|Account 24|Yes
421|test|1472|Customer 25|Yes|8537|Account 25|Yes
992|test|1808|Customer 26|Yes|8656|Account 26|Yes
780|test|1846|Customer 27|No|1179|Account 27|No
526|test|1178|Customer 28|Yes|5151|Account 28|Yes
859|test|1116|Customer 29|Yes|6517|Account 29|No
411|test|1898|Customer 30|Yes|6942|Account 30|No
764|test|1016|Customer 31|Yes|4618|Account 31|Yes
991|test|1734|Customer 32|Yes|1995|Account 32|No
388|test|1694|Customer 33|Yes|7619|Account 33|No
936|test|1028|Customer 34|No|6735|Account 34|Yes
566|test|1669|Customer 35|Yes|7843|Account 35|Yes
725|test|1342|Customer 36|Yes|7055|Account 36|No
462|test|1916|Customer 37|Yes|6921|Account 37|No
682|test|1541|Customer 38|Yes|7459|Account 38|Yes
210|test|1314|Customer 39|Yes|5518|Account 39|Yes
710|test|1049|Customer 40|Yes|7899|Account 40|No
271|test|1847|Customer 41|Yes|3121|Account 41|Yes
107|test|1542|Customer 42|Yes|6661|Account 42|No
994|test|1135|Customer 43|Yes|8813|Account 43|Yes
369|test|1556|Customer 44|No|5644|Account 44|Yes
681|test|1904|Customer 45|Yes|4831|Account 45|Yes
834|test|1089|Customer 46|Yes|1917|Account 46|No
369|test|1929|Customer 47|No|2036|Account 47|Yes
809|test|1732|Customer 48|Yes|8069|Account 48|Yes
378|test|1118|Customer 49|Yes|9126|Account 49|Yes
380|test|1478|Customer 50|Yes|5451|Account 50|Yes
812|test|1611|Customer 51|Yes|6945|Account 51|Yes
165|test|1663|Customer 52|No|1748|Account 52|No
952|test|1582|Customer 53|Yes|8907|Account 53|Yes
901|test|1389|Customer 54|Yes|8332|Account 54|Yes
443|test|1985|Customer 55|No|6442|Account 55|Yes
330|test|1084|Customer 56|Yes|9149|Account 56|No
300|test|1946|Customer 57|Yes|3853|Account 57|Yes
885|test|1416|Customer 58|Yes|2712|Account 58|Yes
300|test|1855|Customer 59|Yes|4213|Account 59|Yes
201|test|1617|Customer 60|Yes|3447|Account 60|Yes
784|test|1076|Customer 61|Yes|2189|Account 61|Yes
307|test|1591|Customer 62|Yes|8155|Account 62|Yes
250|test|1230|Customer 63|Yes|3531|Account 63|Yes
937|test|1263|Customer 64|No|7655|Account 64|Yes
485|test|1973|Customer 65|Yes|5951|Account 65|Yes
142|test|1708|Customer 66|Yes|2822|Account 66|Yes
478|test|1826|Customer 67|Yes|7746|Account 67|Yes
321|test|1530|Customer 68|Yes|7802|Account 68|Yes
214|test|1764|Customer 69|Yes|8079|Account 69|No
512|test|1297|Customer 70|Yes|6706|Account 70|Yes
267|test|1508|Customer 71|Yes|3362|Account 71|No
459|test|1998|Customer 72|Yes|9944|Account 72|Yes
838|test|1360|Customer 73|Yes|4112|Account 73|Yes
545|test|1850|Customer 74|Yes|9382|Account 74|No
943|test|1956|Customer 75|Yes|6937|Account 75|Yes
377|test|1576|Customer 76|Yes|8540|Account 76|Yes
625|test|1326|Customer 77|Yes|9223|Account 77|Yes
275|test|1368|Customer 78|Yes|8608|Account 78|No
951|test|1270|Customer 79|Yes|9569|Account 79|Yes
640|test|1530|Customer 80|Yes|1522|Account 80|No
360|test|1315|Customer 81|Yes|3162|Account 81|Yes
798|test|1585|Customer 82|Yes|9868|Account 82|Yes
680|test|1290|Customer 83|Yes|7125|Account 83|Yes
156|test|1025|Customer 84|Yes|7001|Account 84|Yes
484|test|1117|Customer 85|Yes|2527|Account 85|Yes
715|test|1497|Customer 86|Yes|8296|Account 86|Yes
183|test|1183|Customer 87|Yes|2474|Account 87|No
626|test|1167|Customer 88|No|6171|Account 88|No
213|test|1424|Customer 89|Yes|7660|Account 89|Yes
721|test|1732|Customer 90|Yes|1912|Account 90|Yes
341|test|1234|Customer 91|No|6158|Account 91|Yes
263|test|1096|Customer 92|Yes|1321|Account 92|No
969|test|1289|Customer 93|Yes|3822|Account 93|No
521|test|1218|Customer 94|Yes|2589|Account 94|No
888|test|1077|Customer 95|Yes|9487|Account 95|Yes
583|test|1430|Customer 96|No|7178|Account 96|No
923|test|1768|Customer 97|Yes|4062|Account 97|Yes
146|test|1030|Customer 98|Yes|1076|Account 98|Yes
282|test|1579|Customer 99|Yes|8780|Account 99|Yes
770|test|1876|Customer 100|Yes|8065|Account 100|Yes
883|test|1613|Customer 101|Yes|1320|Account 101|Yes
851|test|1530|Customer 102|Yes|9006|Account 102|Yes
348|test|1692|Customer 103|No|5368|Account 103|Yes
441|test|1758|Customer 104|Yes|1547|Account 104|Yes
768|test|1883|Customer 105|Yes|7579|Account 105|Yes
215|test|1923|Customer 106|Yes|8714|Account 106|Yes
881|test|1396|Customer 107|Yes|9888|Account 107|Yes
972|test|1940|Customer 108|Yes|7089|Account 108|Yes
867|test|1048|Customer 109|No|1640|Account 109|Yes
547|test|1935|Customer 110|No|7602|Account 110|Yes
716|test|1014|Customer 111|Yes|4411|Account 111|Yes
818|test|1626|Customer 112|Yes|6750|Account 112|No
220|test|1099|Customer 113|Yes|7256|Account 113|Yes
434|test|1250|Customer 114|No|4740|Account 114|Yes
332|test|1661|Customer 115|Yes|7401|Account 115|Yes
696|test|1122|Customer 116|No|6663|Account 116|Yes
131|test|1138|Customer 117|Yes|9394|Account 117|Yes
662|test|1049|Customer 118|No|6535|Account 118|No
883|test|1241|Customer 119|Yes|6095|Account 119|Yes
723|test|1039|Customer 120|No|6406|Account 120|Yes
168|test|1633|Customer 121|No|4321|Account 121|Yes
146|test|1997|Customer 122|No|8381|Account 122|Yes
941|test|1615|Customer 123|Yes|4707|Account 123|Yes
890|test|1627|Customer 124|No|1156|Account 124|Yes
218|test|1393|Customer 125|Yes|7250|Account 125|Yes
787|test|1649|Customer 126|Yes|6819|Account 126|Yes
483|test|1340|Customer 127|Yes|9370|Account 127|No
473|test|1037|Customer 128|Yes|5833|Account 128|Yes
102|test|1862|Customer 129|No|4165|Account 129|Yes
135|test|1837|Customer 130|Yes|9969|Account 130|Yes
161|test|1198|Customer 131|No|9125|Account 131|Yes
991|test|1189|Customer 132|Yes|1498|Account 132|Yes
683|test|1507|Customer 133|Yes|3848|Account 133|Yes
133|test|1073|Customer 134|Yes|4744|Account 134|Yes
846|test|1932|Customer 135|Yes|9401|Account 135|Yes
947|test|1412|Customer 136|Yes|1559|Account 136|Yes
420|test|1358|Customer 137|Yes|4843|Account 137|Yes
189|test|1016|Customer 138|Yes|1547|Account 138|No
792|test|1240|Customer 139|Yes|1206|Account 139|No
616|test|1475|Customer 140|No|5240|Account 140|Yes
825|test|1248|Customer 141|Yes|7983|Account 141|Yes
819|test|1953|Customer 142|Yes|2224|Account 142|No
326|test|1517|Customer 143|Yes|8131|Account 143|No
125|test|1575|Customer 144|No|3147|Account 144|Yes
175|test|1063|Customer 145|Yes|3410|Account 145|Yes
678|test|1094|Customer 146|Yes|6295|Account 146|Yes
672|test|1036|Customer 147|No|5168|Account 147|Yes
930|test|1050|Customer 148|Yes|2671|Account 148|No
994|test|1542|Customer 149|Yes|3001|Account 149|No
413|test|1959|Customer 150|No|7498|Account 150|Yes
806|test|1462|Customer 151|Yes|5577|Account 151|No
928|test|1332|Customer 152|Yes|5540|Account 152|No
857|test|1541|Customer 153|Yes|8264|Account 153|Yes
585|test|1253|Customer 154|Yes|3577|Account 154|Yes
621|test|1874|Customer 155|Yes|1522|Account 155|No
542|test|1956|Customer 156|Yes|6938|Account 156|Yes
318|test|1845|Customer 157|Yes|3694|Account 157|Yes
678|test|1688|Customer 158|Yes|7371|Account 158|No
367|test|1525|Customer 159|Yes|4281|Account 159|No
484|test|1888|Customer 160|No|1597|Account 160|Yes
849|test|1097|Customer 161|Yes|8558|Account 161|Yes
506|test|1839|Customer 162|No|2210|Account 162|Yes
452|test|1728|Customer 163|No|8479|Account 163|Yes
688|test|1205|Customer 164|Yes|6101|Account 164|No
248|test|1403|Customer 165|Yes|3768|Account 165|Yes
422|test|1792|Customer 166|No|1655|Account 166|No
420|test|1189|Customer 167|Yes|1469|Account 167|Yes
815|test|1431|Customer 168|No|2543|Account 168|No
683|test|1146|Customer 169|Yes|5676|Account 169|Yes
395|test|1207|Customer 170|Yes|5487|Account 170|Yes
942|test|1820|Customer 171|Yes|6940|Account 171|No
405|test|1734|Customer 172|Yes|1287|Account 172|Yes
783|test|1879|Customer 173|Yes|7173|Account 173|Yes
411|test|1605|Customer 174|Yes|2064|Account 174|Yes
822|test|1796|Customer 175|Yes|9998|Account 175|Yes
317|test|1546|Customer 176|No|9392|Account 176|No
325|test|1173|Customer 177|Yes|2970|Account 177|Yes
875|test|1016|Customer 178|Yes|8633|Account 178|No
228|test|1492|Customer 179|Yes|1451|Account 179|No
418|test|1063|Customer 180|No|6789|Account 180|Yes
655|test|1492|Customer 181|Yes|5761|Account 181|Yes
343|test|1545|Customer 182|Yes|1274|Account 182|Yes
720|test|1285|Customer 183|Yes|6350|Account 183|Yes
851|test|1350|Customer 184|Yes|1993|Account 184|Yes
373|test|1592|Customer 185|Yes|7783|Account 185|Yes
649|test|1610|Customer 186|Yes|4382|Account 186|Yes
262|test|1572|Customer 187|No|2497|Account 187|No
490|test|1362|Customer 188|Yes|8020|Account 188|Yes
401|test|1778|Customer 189|Yes|8695|Account 189|Yes
263|test|1655|Customer 190|Yes|2145|Account 190|Yes
868|test|1157|Customer 191|No|9341|Account 191|Yes
892|test|1766|Customer 192|Yes|1608|Account 192|Yes
238|test|1518|Customer 193|Yes|5957|Account 193|Yes
408|test|1727|Customer 194|Yes|1317|Account 194|Yes
505|test|1597|Customer 195|Yes|8889|Account 195|Yes
572|test|1102|Customer 196|Yes|6700|Account 196|Yes
313|test|1678|Customer 197|Yes|7039|Account 197|Yes
834|test|1966|Customer 198|Yes|4839|Account 198|No
626|test|1209|Customer 199|Yes|3081|Account 199|Yes
331|test|1446|Customer 200|No|1248|Account 200|Yes
855|test|1272|Customer 201|Yes|2682|Account 201|Yes
568|test|1872|Customer 202|Yes|2999|Account 202|Yes
903|test|1972|Customer 203|No|1713|Account 203|Yes
799|test|1931|Customer 204|Yes|8686|Account 204|Yes
296|test|1912|Customer 205|Yes|4582|Account 205|No
577|test|1025|Customer 206|Yes|6398|Account 206|Yes
148|test|1518|Customer 207|Yes|4990|Account 207|Yes
643|test|1305|Customer 208|Yes|3386|Account 208|Yes
540|test|1668|Customer 209|No|1489|Account 209|Yes
333|test|1430|Customer 210|Yes|1241|Account 210|Yes
972|test|1237|Customer 211|Yes|1178|Account 211|Yes
602|test|1292|Customer 212|Yes|4222|Account 212|Yes
921|test|1870|Customer 213|Yes|1116|Account 213|Yes
524|test|1051|Customer 214|Yes|8600|Account 214|Yes
362|test|1124|Customer 215|Yes|7174|Account 215|Yes
660|test|1576|Customer 216|No|3607|Account 216|Yes
562|test|1881|Customer 217|Yes|7006|Account 217|Yes
989|test|1533|Customer 218|Yes|4566|Account 218|Yes
770|test|1205|Customer 219|No|9669|Account 219|Yes
480|test|1609|Customer 220|Yes|7219|Account 220|Yes
287|test|1691|Customer 221|Yes|5513|Account 221|Yes
975|test|1376|Customer 222|Yes|7000|Account 222|Yes
368|test|1947|Customer 223|No|1573|Account 223|Yes
935|test|1562|Customer 224|Yes|5073|Account 224|Yes
610|test|1792|Customer 225|Yes|4382|Account 225|Yes
930|test|1734|Customer 226|Yes|5816|Account 226|Yes
679|test|1444|Customer 227|Yes|2506|Account 227|No
985|test|1923|Customer 228|Yes|8123|Account 228|No
548|test|1706|Customer 229|Yes|8187|Account 229|Yes
302|test|1710|Customer 230|No|5896|Account 230|Yes
533|test|1491|Customer 231|Yes|3993|Account 231|Yes
490|test|1916|Customer 232|Yes|3014|Account 232|No
580|test|1503|Customer 233|Yes|3077|Account 233|Yes
466|test|1651|Customer 234|Yes|4157|Account 234|Yes
236|test|1896|Customer 235|Yes|3419|Account 235|Yes
247|test|1478|Customer 236|Yes|9045|Account 236|No
667|test|1188|Customer 237|Yes|5347|Account 237|Yes
362|test|1708|Customer 238|No|6973|Account 238|Yes
213|test|1056|Customer 239|Yes|6068|Account 239|Yes
664|test|1551|Customer 240|Yes|6825|Account 240|Yes
741|test|1939|Customer 241|No|3540|Account 241|Yes
976|test|1243|Customer 242|Yes|4893|Account 242|Yes
656|test|1062|Customer 243|Yes|7454|Account 243|Yes
152|test|1530|Customer 244|Yes|9874|Account 244|Yes
465|test|1537|Customer 245|Yes|6696|Account 245|Yes
279|test|1782|Customer 246|Yes|6947|Account 246|Yes
609|test|1918|Customer 247|Yes|3060|Account 247|Yes
371|test|1750|Customer 248|Yes|1984|Account 248|Yes
323|test|1103|Customer 249|Yes|1495|Account 249|Yes
459|test|1953|Customer 250|Yes|8857|Account 250|Yes
155|test|1069|Customer 251|Yes|1566|Account 251|Yes
223|test|1590|Customer 252|Yes|6536|Account 252|No
711|test|1529|Customer 253|Yes|7913|Account 253|No
746|test|1977|Customer 254|Yes|6493|Account 254|Yes
582|test|1537|Customer 255|No|4543|Account 255|Yes
264|test|1121|Customer 256|Yes|7376|Account 256|No
266|test|1923|Customer 257|No|9814|Account 257|No
403|test|1499|Customer 258|Yes|3163|Account 258|No
332|test|1921|Customer 259|Yes|4619|Account 259|Yes
919|test|1598|Customer 260|Yes|5400|Account 260|Yes
102|test|1544|Customer 261|Yes|7768|Account 261|Yes
716|test|1003|Customer 262|Yes|5687|Account 262|Yes
574|test|1941|Customer 263|No|6008|Account 263|No
930|test|1363|Customer 264|Yes|7999|Account 264|Yes
477|test|1412|Customer 265|Yes|7049|Account 265|Yes
448|test|1282|Customer 266|Yes|4073|Account 266|Yes
390|test|1102|Customer 267|Yes|6117|Account 267|No
403|test|1149|Customer 268|Yes|3669|Account 268|Yes
165|test|1861|Customer 269|Yes|2560|Account 269|No
559|test|1103|Customer 270|Yes|9153|Account 270|Yes
207|test|1718|Customer 271|Yes|2215|Account 271|Yes
461|test|1435|Customer 272|Yes|4192|Account 272|No
710|test|1614|Customer 273|Yes|5192|Account 273|Yes
934|test|1174|Customer 274|Yes|2111|Account 274|No
861|test|1844|Customer 275|Yes|2708|Account 275|Yes
489|test|1361|Customer 276|Yes|7450|Account 276|Yes
673|test|1974|Customer 277|Yes|2304|Account 277|Yes
672|test|1252|Customer 278|Yes|2425|Account 278|Yes
172|test|1264|Customer 279|Yes|1815|Account 279|Yes
767|test|1448|Customer 280|Yes|5886|Account 280|Yes
577|test|1890|Customer 281|Yes|9767|Account 281|Yes
565|test|1540|Customer 282|Yes|2918|Account 282|Yes
123|test|1642|Customer 283|Yes|3830|Account 283|Yes
778|test|1228|Customer 284|Yes|8404|Account 284|Yes
388|test|1184|Customer 285|Yes|8829|Account 285|Yes
198|test|1995|Customer 286|Yes|2080|Account 286|Yes
635|test|1185|Customer 287|Yes|5157|Account 287|Yes
469|test|1836|Customer 288|Yes|5335|Account 288|Yes
546|test|1254|Customer 289|Yes|3497|Account 289|Yes
381|test|1759|Customer 290|Yes|5633|Account 290|Yes
604|test|1715|Customer 291|Yes|6102|Account 291|Yes
177|test|1482|Customer 292|Yes|2665|Account 292|Yes
642|test|1569|Customer 293|Yes|3638|Account 293|Yes
344|test|1057|Customer 294|Yes|9040|Account 294|Yes
462|test|1932|Customer 295|Yes|3455|Account 295|Yes
404|test|1999|Customer 296|Yes|1116|Account 296|Yes
899|test|1945|Customer 297|Yes|1048|Account 297|Yes
188|test|1347|Customer 298|No|6830|Account 298|Yes
326|test|1013|Customer 299|Yes|3791|Account 299|Yes
103|test|1355|Customer 300|No|3206|Account 300|No
769|test|1775|Customer 301|Yes|5467|Account 301|Yes
915|test|1865|Customer 302|No|1886|Account 302|Yes
805|test|1717|Customer 303|Yes|7168|Account 303|Yes
672|test|1453|Customer 304|Yes|9350|Account 304|Yes
539|test|1673|Customer 305|Yes|9191|Account 305|Yes
240|test|1824|Customer 306|No|7294|Account 306|Yes
435|test|1303|Customer 307|Yes|4358|Account 307|No
672|test|1749|Customer 308|Yes|8307|Account 308|Yes
233|test|1137|Customer 309|Yes|5862|Account 309|No
335|test|1027|Customer 310|Yes|7345|Account 310|No
929|test|1331|Customer 311|Yes|3657|Account 311|No
111|test|1872|Customer 312|Yes|3229|Account 312|Yes
180|test|1776|Customer 313|Yes|7542|Account 313|Yes
409|test|1379|Customer 314|Yes|1977|Account 314|No
693|test|1982|Customer 315|Yes|4548|Account 315|Yes
353|test|1137|Customer 316|Yes|7744|Account 316|Yes
487|test|1544|Customer 317|Yes|5496|Account 317|Yes
665|test|1593|Customer 318|No|5584|Account 318|Yes
851|test|1117|Customer 319|Yes|1831|Account 319|Yes
190|test|1900|Customer 320|Yes|5833|Account 320|No
522|test|1803|Customer 321|Yes|2040|Account 321|No
195|test|1019|Customer 322|Yes|7203|Account 322|Yes
753|test|1328|Customer 323|Yes|7992|Account 323|Yes
417|test|1053|Customer 324|Yes|3844|Account 324|Yes
373|test|1771|Customer 325|Yes|8550|Account 325|Yes
302|test|1716|Customer 326|Yes|4977|Account 326|No
588|test|1126|Customer 327|Yes|1682|Account 327|Yes
661|test|1853|Customer 328|Yes|6200|Account 328|Yes
131|test|1320|Customer 329|Yes|6231|Account 329|Yes
890|test|1046|Customer 330|Yes|8113|Account 330|Yes
362|test|1738|Customer 331|Yes|6728|Account 331|Yes
824|test|1866|Customer 332|Yes|3268|Account 332|Yes
130|test|1436|Customer 333|Yes|4955|Account 333|Yes
489|test|1808|Customer 334|No|4284|Account 334|Yes
469|test|1540|Customer 335|Yes|4396|Account 335|No
600|test|1484|Customer 336|Yes|3095|Account 336|Yes
479|test|1719|Customer 337|Yes|9437|Account 337|No
426|test|1516|Customer 338|Yes|3819|Account 338|No
262|test|1330|Customer 339|Yes|5528|Account 339|Yes
615|test|1067|Customer 340|Yes|2544|Account 340|Yes
228|test|1872|Customer 341|Yes|8351|Account 341|Yes
299|test|1537|Customer 342|Yes|3784|Account 342|Yes
378|test|1154|Customer 343|Yes|5806|Account 343|Yes
874|test|1018|Customer 344|No|7581|Account 344|Yes
845|test|1809|Customer 345|Yes|4426|Account 345|Yes
761|test|1092|Customer 346|No|9602|Account 346|Yes
667|test|1629|Customer 347|Yes|4467|Account 347|Yes
603|test|1583|Customer 348|Yes|6828|Account 348|No
617|test|1642|Customer 349|Yes|2323|Account 349|Yes
188|test|1170|Customer 350|Yes|7139|Account 350|Yes
960|test|1391|Customer 351|Yes|5725|Account 351|Yes
910|test|1553|Customer 352|Yes|6597|Account 352|Yes
773|test|1538|Customer 353|No|6723|Account 353|Yes
127|test|1486|Customer 354|Yes|1409|Account 354|Yes
668|test|1616|Customer 355|No|2622|Account 355|Yes
805|test|1676|Customer 356|Yes|9384|Account 356|Yes
327|test|1098|Customer 357|Yes|2443|Account 357|Yes
258|test|1289|Customer 358|Yes|2469|Account 358|Yes
761|test|1400|Customer 359|Yes|7016|Account 359|Yes
337|test|1083|Customer 360|Yes|2494|Account 360|Yes
767|test|1381|Customer 361|Yes|8087|Account 361|Yes
664|test|1638|Customer 362|Yes|3729|Account 362|Yes
269|test|1701|Customer 363|Yes|8986|Account 363|Yes
622|test|1271|Customer 364|No|9966|Account 364|Yes
688|test|1311|Customer 365|No|2056|Account 365|Yes
765|test|1382|Customer 366|No|5446|Account 366|Yes
757|test|1603|Customer 367|Yes|7586|Account 367|Yes
961|test|1903|Customer 368|Yes|2445|Account 368|No
848|test|1459|Customer 369|Yes|5620|Account 369|No
501|test|1459|Customer 370|Yes|4119|Account 370|Yes
961|test|1006|Customer 371|No|4594|Account 371|Yes
237|test|1615|Customer 372|Yes|9326|Account 372|No
658|test|1489|Customer 373|Yes|5103|Account 373|No
438|test|1723|Customer 374|Yes|1845|Account 374|Yes
438|test|1619|Customer 375|No|8547|Account 375|Yes
737|test|1899|Customer 376|Yes|1251|Account 376|No
695|test|1448|Customer 377|Yes|8281|Account 377|Yes
999|test|1706|Customer 378|Yes|3288|Account 378|No
833|test|1399|Customer 379|Yes|2383|Account 379|Yes
657|test|1384|Customer 380|Yes|2846|Account 380|Yes
310|test|1900|Customer 381|Yes|7956|Account 381|No
516|test|1282|Customer 382|Yes|1393|Account 382|Yes
429|test|1622|Customer 383|No|1276|Account 383|Yes
681|test|1871|Customer 384|Yes|2754|Account 384|Yes
656|test|1702|Customer 385|Yes|6435|Account 385|Yes
669|test|1343|Customer 386|Yes|8161|Account 386|No
655|test|1803|Customer 387|No|1863|Account 387|Yes
270|test|1783|Customer 388|Yes|9067|Account 388|No
357|test|1973|Customer 389|No|8054|Account 389|Yes
344|test|1357|Customer 390|No|4338|Account 390|Yes
460|test|1964|Customer 391|Yes|9288|Account 391|Yes
842|test|1335|Customer 392|No|8090|Account 392|Yes
837|test|1009|Customer 393|Yes|6720|Account 393|No
143|test|1765|Customer 394|Yes|9894|Account 394|Yes
451|test|1885|Customer 395|Yes|6860|Account 395|Yes
478|test|1645|Customer 396|Yes|6079|Account 396|Yes
943|test|1004|Customer 397|Yes|7275|Account 397|No
272|test|1080|Customer 398|Yes|3825|Account 398|Yes
650|test|1006|Customer 399|Yes|1874|Account 399|Yes
969|test|1908|Customer 400|Yes|9195|Account 400|Yes
799|test|1142|Customer 401|No|4290|Account 401|Yes
412|test|1524|Customer 402|Yes|7855|Account 402|Yes
234|test|1045|Customer 403|Yes|8462|Account 403|Yes
627|test|1049|Customer 404|Yes|2059|Account 404|Yes
815|test|1923|Customer 405|Yes|5404|Account 405|Yes
461|test|1509|Customer 406|Yes|2206|Account 406|Yes
861|test|1060|Customer 407|No|5727|Account 407|Yes
459|test|1925|Customer 408|Yes|1623|Account 408|Yes
562|test|1468|Customer 409|Yes|6842|Account 409|No
561|test|1601|Customer 410|Yes|8980|Account 410|Yes
194|test|1549|Customer 411|Yes|3744|Account 411|Yes
847|test|1367|Customer 412|Yes|9054|Account 412|Yes
342|test|1076|Customer 413|Yes|4675|Account 413|No
273|test|1735|Customer 414|Yes|7116|Account 414|No
668|test|1642|Customer 415|Yes|7149|Account 415|Yes
529|test|1536|Customer 416|Yes|5534|Account 416|Yes
491|test|1093|Customer 417|No|9303|Account 417|Yes
116|test|1867|Customer 418|Yes|4180|Account 418|Yes
572|test|1141|Customer 419|Yes|7916|Account 419|Yes
884|test|1143|Customer 420|No|5040|Account 420|Yes
947|test|1193|Customer 421|Yes|9813|Account 421|Yes
658|test|1084|Customer 422|Yes|4183|Account 422|Yes
578|test|1086|Customer 423|Yes|1094|Account 423|No
512|test|1346|Customer 424|Yes|2912|Account 424|Yes
100|test|1778|Customer 425|No|2970|Account 425|Yes
262|test|1275|Customer 426|Yes|2678|Account 426|Yes
351|test|1170|Customer 427|Yes|9621|Account 427|Yes
893|test|1553|Customer 428|Yes|2789|Account 428|Yes
696|test|1774|Customer 429|Yes|5116|Account 429|Yes
565|test|1626|Customer 430|Yes|7012|Account 430|Yes
153|test|1920|Customer 431|Yes|1920|Account 431|Yes
505|test|1305|Customer 432|Yes|2454|Account 432|Yes
417|test|1961|Customer 433|Yes|6515|Account 433|No
712|test|1741|Customer 434|Yes|8261|Account 434|No
949|test|1655|Customer 435|No|1348|Account 435|No
165|test|1270|Customer 436|Yes|4073|Account 436|Yes
256|test|1962|Customer 437|No|4064|Account 437|Yes
923|test|1133|Customer 438|No|1105|Account 438|No
913|test|1042|Customer 439|Yes|2725|Account 439|Yes
174|test|1583|Customer 440|Yes|4252|Account 440|Yes
504|test|1652|Customer 441|Yes|9912|Account 441|Yes
124|test|1710|Customer 442|Yes|8562|Account 442|No
878|test|1635|Customer 443|No|6455|Account 443|Yes
980|test|1188|Customer 444|Yes|2529|Account 444|Yes
644|test|1427|Customer 445|Yes|2443|Account 445|Yes
328|test|1289|Customer 446|Yes|9022|Account 446|Yes
613|test|1534|Customer 447|Yes|1034|Account 447|Yes
974|test|1567|Customer 448|Yes|4775|Account 448|Yes
488|test|1323|Customer 449|Yes|1976|Account 449|No
764|test|1338|Customer 450|Yes|6242|Account 450|No
946|test|1016|Customer 451|Yes|1003|Account 451|Yes
447|test|1061|Customer 452|No|9899|Account 452|Yes
999|test|1231|Customer 453|No|3583|Account 453|Yes
271|test|1913|Customer 454|Yes|3622|Account 454|Yes
483|test|1024|Customer 455|Yes|8538|Account 455|Yes
744|test|1056|Customer 456|Yes|8109|Account 456|Yes
166|test|1514|Customer 457|Yes|1266|Account 457|Yes
681|test|1410|Customer 458|Yes|6260|Account 458|No
124|test|1665|Customer 459|Yes|3636|Account 459|Yes
757|test|1362|Customer 460|Yes|2583|Account 460|Yes
745|test|1807|Customer 461|Yes|5570|Account 461|Yes
896|test|1418|Customer 462|No|2312|Account 462|Yes
645|test|1756|Customer 463|Yes|6261|Account 463|Yes
469|test|1154|Customer 464|Yes|4762|Account 464|Yes
899|test|1504|Customer 465|Yes|9504|Account 465|Yes
952|test|1707|Customer 466|Yes|7433|Account 466|Yes
422|test|1019|Customer 467|Yes|5944|Account 467|Yes
696|test|1845|Customer 468|Yes|7219|Account 468|Yes
705|test|1641|Customer 469|No|3733|Account 469|Yes
118|test|1412|Customer 470|No|6343|Account 470|Yes
492|test|1558|Customer 471|No|3190|Account 471|Yes
402|test|1258|Customer 472|Yes|6689|Account 472|Yes
961|test|1512|Customer 473|Yes|4259|Account 473|Yes
209|test|1555|Customer 474|No|7338|Account 474|Yes
676|test|1960|Customer 475|Yes|5642|Account 475|Yes
756|test|1113|Customer 476|Yes|2907|Account 476|Yes
195|test|1751|Customer 477|Yes|5446|Account 477|Yes
226|test|1168|Customer 478|No|9914|Account 478|Yes
286|test|1045|Customer 479|Yes|4384|Account 479|Yes
452|test|1104|Customer 480|Yes|3354|Account 480|Yes
891|test|1726|Customer 481|Yes|5351|Account 481|Yes
304|test|1474|Customer 482|Yes|4954|Account 482|Yes
445|test|1566|Customer 483|No|1055|Account 483|Yes
663|test|1071|Customer 484|Yes|5208|Account 484|Yes
892|test|1942|Customer 485|Yes|3226|Account 485|No
859|test|1369|Customer 486|Yes|9133|Account 486|Yes
793|test|1925|Customer 487|Yes|6414|Account 487|Yes
559|test|1213|Customer 488|Yes|5244|Account 488|Yes
805|test|1126|Customer 489|No|7301|Account 489|Yes
405|test|1171|Customer 490|Yes|2404|Account 490|Yes
928|test|1269|Customer 491|No|6980|Account 491|Yes
931|test|1040|Customer 492|Yes|3274|Account 492|Yes
986|test|1521|Customer 493|Yes|4642|Account 493|Yes
717|test|1484|Customer 494|Yes|8537|Account 494|Yes
351|test|1251|Customer 495|Yes|6499|Account 495|Yes
851|test|1198|Customer 496|Yes|1474|Account 496|Yes
988|test|1322|Customer 497|Yes|7743|Account 497|Yes
640|test|1609|Customer 498|Yes|3441|Account 498|Yes
710|test|1468|Customer 499|Yes|6288|Account 499|No
489|test|1275|Customer 500|Yes|1213|Account 500|Yes
603|test|1300|Customer 501|Yes|6073|Account 501|Yes
883|test|1541|Customer 502|No|7736|Account 502|No
935|test|1689|Customer 503|Yes|7203|Account 503|Yes
707|test|1039|Customer 504|Yes|9967|Account 504|Yes
176|test|1679|Customer 505|Yes|3791|Account 505|Yes
322|test|1347|Customer 506|Yes|6336|Account 506|No
169|test|1788|Customer 507|Yes|8470|Account 507|Yes
313|test|1910|Customer 508|Yes|7697|Account 508|Yes
617|test|1134|Customer 509|No|8119|Account 509|Yes
778|test|1144|Customer 510|Yes|1049|Account 510|Yes
815|test|1051|Customer 511|Yes|4646|Account 511|Yes
710|test|1394|Customer 512|Yes|4276|Account 512|Yes
173|test|1519|Customer 513|Yes|1339|Account 513|Yes
786|test|1780|Customer 514|Yes|2095|Account 514|No
417|test|1251|Customer 515|Yes|7698|Account 515|Yes
695|test|1689|Customer 516|No|9323|Account 516|Yes
738|test|1197|Customer 517|Yes|5795|Account 517|Yes
268|test|1273|Customer 518|No|6481|Account 518|Yes
718|test|1967|Customer 519|No|9337|Account 519|Yes
252|test|1055|Customer 520|Yes|2680|Account 520|Yes
311|test|1843|Customer 521|Yes|2797|Account 521|Yes
230|test|1085|Customer 522|Yes|6740|Account 522|Yes
688|test|1122|Customer 523|Yes|2576|Account 523|No
275|test|1157|Customer 524|Yes|9893|Account 524|Yes
173|test|1821|Customer 525|Yes|5177|Account 525|Yes
135|test|1677|Customer 526|Yes|8819|Account 526|Yes
780|test|1700|Customer 527|Yes|6985|Account 527|Yes
976|test|1033|Customer 528|Yes|4468|Account 528|Yes
623|test|1519|Customer 529|Yes|1948|Account 529|No
301|test|1524|Customer 530|Yes|1855|Account 530|Yes
250|test|1204|Customer 531|Yes|9415|Account 531|Yes
772|test|1901|Customer 532|Yes|5785|Account 532|Yes
472|test|1817|Customer 533|Yes|2199|Account 533|No
162|test|1664|Customer 534|Yes|8564|Account 534|Yes
390|test|1896|Customer 535|Yes|9019|Account 535|Yes
759|test|1777|Customer 536|Yes|6201|Account 536|Yes
497|test|1575|Customer 537|Yes|6493|Account 537|Yes
367|test|1776|Customer 538|Yes|5741|Account 538|Yes
422|test|1995|Customer 539|Yes|1583|Account 539|Yes
469|test|1810|Customer 540|Yes|4959|Account 540|No
445|test|1240|Customer 541|Yes|3394|Account 541|Yes
316|test|1136|Customer 542|No|7980|Account 542|Yes
885|test|1291|Customer 543|Yes|8930|Account 543|No
486|test|1215|Customer 544|No|9235|Account 544|Yes
945|test|1425|Customer 545|Yes|2061|Account 545|No
159|test|1240|Customer 546|Yes|2726|Account 546|Yes
125|test|1996|Customer 547|Yes|1067|Account 547|Yes
444|test|1465|Customer 548|Yes|7635|Account 548|Yes
800|test|1536|Customer 549|Yes|5195|Account 549|Yes
313|test|1680|Customer 550|Yes|2179|Account 550|Yes
212|test|1002|Customer 551|No|1001|Account 551|Yes
631|test|1724|Customer 552|Yes|2708|Account 552|No
209|test|1066|Customer 553|Yes|6396|Account 553|Yes
877|test|1128|Customer 554|Yes|4655|Account 554|Yes
304|test|1743|Customer 555|Yes|5567|Account 555|Yes
286|test|1344|Customer 556|Yes|3993|Account 556|Yes
753|test|1320|Customer 557|Yes|4708|Account 557|Yes
141|test|1191|Customer 558|No|7053|Account 558|Yes
335|test|1944|Customer 559|Yes|1066|Account 559|No
894|test|1738|Customer 560|No|1304|Account 560|Yes
974|test|1747|Customer 561|Yes|4376|Account 561|Yes
959|test|1439|Customer 562|Yes|1204|Account 562|Yes
591|test|1171|Customer 563|Yes|6066|Account 563|Yes
491|test|1391|Customer 564|No|2790|Account 564|Yes
547|test|1533|Customer 565|Yes|6457|Account 565|Yes
905|test|1405|Customer 566|Yes|3378|Account 566|Yes
725|test|1798|Customer 567|Yes|2584|Account 567|Yes
461|test|1828|Customer 568|Yes|5151|Account 568|Yes
589|test|1638|Customer 569|No|9253|Account 569|Yes
107|test|1624|Customer 570|Yes|1362|Account 570|Yes
958|test|1078|Customer 571|Yes|9126|Account 571|Yes
306|test|1621|Customer 572|Yes|4001|Account 572|No
235|test|1167|Customer 573|Yes|7881|Account 573|No
373|test|1928|Customer 574|Yes|3083|Account 574|No
478|test|1336|Customer 575|Yes|2116|Account 575|Yes
263|test|1955|Customer 576|Yes|6746|Account 576|Yes
379|test|1968|Customer 577|Yes|3468|Account 577|Yes
912|test|1673|Customer 578|Yes|1322|Account 578|No
643|test|1618|Customer 579|No|8642|Account 579|No
271|test|1643|Customer 580|No|4747|Account 580|No
808|test|1734|Customer 581|Yes|1829|Account 581|Yes
998|test|1776|Customer 582|Yes|9788|Account 582|Yes
391|test|1769|Customer 583|No|2281|Account 583|No
318|test|1110|Customer 584|Yes|5709|Account 584|Yes
358|test|1273|Customer 585|Yes|7326|Account 585|Yes
156|test|1828|Customer 586|Yes|2990|Account 586|Yes
856|test|1852|Customer 587|Yes|7612|Account 587|Yes
419|test|1434|Customer 588|Yes|3923|Account 588|Yes
740|test|1905|Customer 589|Yes|9961|Account 589|Yes
635|test|1171|Customer 590|Yes|5937|Account 590|Yes
981|test|1542|Customer 591|Yes|4999|Account 591|No
525|test|1844|Customer 592|No|7237|Account 592|Yes
814|test|1407|Customer 593|Yes|1837|Account 593|Yes
199|test|1888|Customer 594|Yes|2135|Account 594|No
282|test|1238|Customer 595|No|3012|Account 595|Yes
385|test|1692|Customer 596|Yes|5764|Account 596|Yes
828|test|1890|Customer 597|Yes|4749|Account 597|No
165|test|1698|Customer 598|Yes|1736|Account 598|Yes
243|test|1840|Customer 599|Yes|4944|Account 599|Yes
560|test|1996|Customer 600|Yes|4581|Account 600|Yes
976|test|1050|Customer 601|Yes|7563|Account 601|Yes
439|test|1209|Customer 602|No|6537|Account 602|Yes
978|test|1875|Customer 603|Yes|7554|Account 603|Yes
729|test|1430|Customer 604|Yes|4822|Account 604|Yes
917|test|1706|Customer 605|Yes|5852|Account 605|Yes
463|test|1698|Customer 606|Yes|8857|Account 606|Yes
885|test|1481|Customer 607|Yes|4953|Account 607|Yes
406|test|1644|Customer 608|Yes|4187|Account 608|Yes
877|test|1009|Customer 609|Yes|1151|Account 609|Yes
904|test|1614|Customer 610|Yes|3936|Account 610|Yes
104|test|1030|Customer 611|Yes|2962|Account 611|Yes
646|test|1608|Customer 612|Yes|3495|Account 612|Yes
165|test|1514|Customer 613|Yes|7470|Account 613|Yes
811|test|1731|Customer 614|No|8722|Account 614|Yes
892|test|1443|Customer 615|Yes|3653|Account 615|Yes
716|test|1567|Customer 616|No|1501|Account 616|No
118|test|1648|Customer 617|No|9649|Account 617|Yes
302|test|1549|Customer 618|No|3422|Account 618|Yes
685|test|1469|Customer 619|Yes|8580|Account 619|Yes
453|test|1505|Customer 620|Yes|7921|Account 620|Yes
977|test|1696|Customer 621|No|2766|Account 621|Yes
512|test|1149|Customer 622|Yes|1569|Account 622|Yes
623|test|1041|Customer 623|Yes|1213|Account 623|No
935|test|1104|Customer 624|Yes|2123|Account 624|Yes
303|test|1042|Customer 625|No|3329|Account 625|Yes
471|test|1475|Customer 626|Yes|2037|Account 626|Yes
927|test|1907|Customer 627|No|9423|Account 627|Yes
460|test|1402|Customer 628|Yes|5932|Account 628|No
100|test|1066|Customer 629|Yes|3069|Account 629|Yes
208|test|1205|Customer 630|Yes|7790|Account 630|Yes
881|test|1456|Customer 631|Yes|4787|Account 631|Yes
549|test|1066|Customer 632|Yes|5148|Account 632|Yes
944|test|1251|Customer 633|Yes|9068|Account 633|Yes
543|test|1867|Customer 634|Yes|4392|Account 634|Yes
499|test|1472|Customer 635|Yes|4297|Account 635|Yes
401|test|1422|Customer 636|No|7736|Account 636|No
138|test|1473|Customer 637|Yes|2471|Account 637|Yes
927|test|1938|Customer 638|Yes|8573|Account 638|Yes
135|test|1808|Customer 639|Yes|6566|Account 639|Yes
330|test|1037|Customer 640|Yes|3069|Account 640|Yes
995|test|1696|Customer 641|Yes|3366|Account 641|Yes
301|test|1605|Customer 642|Yes|2686|Account 642|Yes
625|test|1328|Customer 643|Yes|6865|Account 643|No
930|test|1488|Customer 644|Yes|2020|Account 644|Yes
730|test|1353|Customer 645|No|2658|Account 645|Yes
403|test|1822|Customer 646|Yes|1775|Account 646|Yes
184|test|1777|Customer 647|Yes|7720|Account 647|Yes
212|test|1886|Customer 648|Yes|4065|Account 648|Yes
163|test|1726|Customer 649|Yes|4820|Account 649|Yes
360|test|1327|Customer 650|Yes|9349|Account 650|Yes
382|test|1913|Customer 651|No|3544|Account 651|Yes
994|test|1534|Customer 652|Yes|9457|Account 652|Yes
988|test|1233|Customer 653|Yes|2072|Account 653|Yes
831|test|1893|Customer 654|Yes|8045|Account 654|Yes
351|test|1482|Customer 655|No|1825|Account 655|Yes
645|test|1115|Customer 656|Yes|3458|Account 656|No
850|test|1121|Customer 657|Yes|8894|Account 657|No
544|test|1243|Customer 658|Yes|2649|Account 658|Yes
837|test|1449|Customer 659|Yes|9175|Account 659|Yes
828|test|1316|Customer 660|Yes|7375|Account 660|Yes
465|test|1850|Customer 661|Yes|8122|Account 661|Yes
746|test|1643|Customer 662|Yes|6647|Account 662|No
166|test|1151|Customer 663|Yes|2118|Account 663|Yes
427|test|1551|Customer 664|Yes|3787|Account 664|No
441|test|1965|Customer 665|Yes|7608|Account 665|Yes
915|test|1784|Customer 666|Yes|2806|Account 666|Yes
536|test|1197|Customer 667|Yes|8514|Account 667|Yes
634|test|1205|Customer 668|Yes|3345|Account 668|Yes
267|test|1982|Customer 669|Yes|4834|Account 669|Yes
490|test|1536|Customer 670|Yes|4786|Account 670|Yes
476|test|1015|Customer 671|Yes|4557|Account 671|No
692|test|1615|Customer 672|Yes|7283|Account 672|Yes
570|test|1999|Customer 673|Yes|4452|Account 673|Yes
814|test|1850|Customer 674|No|1068|Account 674|Yes
830|test|1409|Customer 675|Yes|8577|Account 675|Yes
684|test|1462|Customer 676|Yes|7383|Account 676|No
784|test|1528|Customer 677|Yes|4173|Account 677|Yes
362|test|1780|Customer 678|Yes|5482|Account 678|Yes
114|test|1480|Customer 679|No|1693|Account 679|Yes
389|test|1911|Customer 680|No|1821|Account 680|Yes
371|test|1055|Customer 681|Yes|7954|Account 681|No
339|test|1545|Customer 682|Yes|7877|Account 682|No
560|test|1435|Customer 683|No|6279|Account 683|No
993|test|1741|Customer 684|Yes|9133|Account 684|Yes
644|test|1311|Customer 685|No|4146|Account 685|Yes
420|test|1742|Customer 686|Yes|3006|Account 686|No
446|test|1127|Customer 687|Yes|7468|Account 687|Yes
255|test|1269|Customer 688|Yes|3319|Account 688|No
647|test|1618|Customer 689|Yes|3958|Account 689|Yes
953|test|1765|Customer 690|Yes|6219|Account 690|Yes
684|test|1973|Customer 691|Yes|9495|Account 691|Yes
516|test|1091|Customer 692|Yes|7015|Account 692|Yes
282|test|1902|Customer 693|Yes|3497|Account 693|Yes
485|test|1701|Customer 694|Yes|8652|Account 694|Yes
827|test|1049|Customer 695|Yes|6174|Account 695|Yes
211|test|1208|Customer 696|Yes|4633|Account 696|Yes
252|test|1065|Customer 697|Yes|5626|Account 697|Yes
242|test|1217|Customer 698|No|7563|Account 698|Yes
849|test|1752|Customer 699|Yes|4228|Account 699|Yes
932|test|1840|Customer 700|Yes|4927|Account 700|Yes
288|test|1458|Customer 701|Yes|3848|Account 701|Yes
852|test|1092|Customer 702|No|4629|Account 702|Yes
283|test|1661|Customer 703|Yes|7590|Account 703|Yes
926|test|1423|Customer 704|Yes|9091|Account 704|Yes
714|test|1430|Customer 705|Yes|1501|Account 705|No
229|test|1722|Customer 706|Yes|2971|Account 706|Yes
736|test|1014|Customer 707|Yes|6384|Account 707|Yes
317|test|1096|Customer 708|Yes|3551|Account 708|Yes
591|test|1266|Customer 709|Yes|8291|Account 709|Yes
788|test|1817|Customer 710|Yes|8909|Account 710|Yes
975|test|1693|Customer 711|Yes|3511|Account 711|No
376|test|1820|Customer 712|No|2222|Account 712|Yes
356|test|1166|Customer 713|Yes|7625|Account 713|Yes
782|test|1549|Customer 714|Yes|9628|Account 714|Yes
674|test|1548|Customer 715|Yes|8665|Account 715|No
600|test|1196|Customer 716|Yes|2953|Account 716|No
226|test|1555|Customer 717|No|3689|Account 717|Yes
122|test|1204|Customer 718|Yes|2941|Account 718|Yes
448|test|1814|Customer 719|Yes|7605|Account 719|Yes
176|test|1689|Customer 720|Yes|1620|Account 720|Yes
949|test|1260|Customer 721|Yes|8629|Account 721|Yes
113|test|1571|Customer 722|Yes|6846|Account 722|Yes
906|test|1674|Customer 723|Yes|2911|Account 723|Yes
284|test|1805|Customer 724|Yes|2318|Account 724|Yes
206|test|1360|Customer 725|Yes|2165|Account 725|Yes
250|test|1201|Customer 726|Yes|3427|Account 726|Yes
836|test|1285|Customer 727|Yes|8576|Account 727|Yes
853|test|1205|Customer 728|Yes|8510|Account 728|Yes
840|test|1925|Customer 729|Yes|8531|Account 729|Yes
842|test|1275|Customer 730|Yes|7048|Account 730|Yes
767|test|1333|Customer 731|Yes|9185|Account 731|Yes
421|test|1376|Customer 732|Yes|4569|Account 732|Yes
150|test|1085|Customer 733|Yes|7637|Account 733|No
408|test|1878|Customer 734|Yes|5045|Account 734|Yes
918|test|1312|Customer 735|Yes|7479|Account 735|Yes
373|test|1005|Customer 736|No|6088|Account 736|Yes
406|test|1193|Customer 737|Yes|4556|Account 737|Yes
420|test|1165|Customer 738|No|1193|Account 738|No
166|test|1170|Customer 739|Yes|8701|Account 739|Yes
122|test|1734|Customer 740|Yes|8849|Account 740|Yes
701|test|1823|Customer 741|Yes|1631|Account 741|Yes
235|test|1439|Customer 742|Yes|3348|Account 742|Yes
360|test|1978|Customer 743|Yes|4887|Account 743|Yes
396|test|1845|Customer 744|Yes|2668|Account 744|Yes
180|test|1624|Customer 745|Yes|7121|Account 745|Yes
409|test|1582|Customer 746|No|4958|Account 746|Yes
527|test|1585|Customer 747|Yes|6417|Account 747|Yes
605|test|1013|Customer 748|Yes|3215|Account 748|Yes
787|test|1186|Customer 749|Yes|3109|Account 749|Yes
121|test|1153|Customer 750|Yes|7158|Account 750|No
291|test|1282|Customer 751|Yes|6996|Account 751|Yes
509|test|1454|Customer 752|No|9757|Account 752|Yes
544|test|1818|Customer 753|Yes|6927|Account 753|Yes
763|test|1048|Customer 754|Yes|2896|Account 754|No
928|test|1391|Customer 755|Yes|5101|Account 755|Yes
282|test|1694|Customer 756|Yes|2527|Account 756|Yes
756|test|1855|Customer 757|Yes|8766|Account 757|Yes
946|test|1672|Customer 758|Yes|1429|Account 758|Yes
544|test|1148|Customer 759|Yes|5979|Account 759|Yes
532|test|1803|Customer 760|No|7408|Account 760|Yes
701|test|1565|Customer 761|No|7082|Account 761|No
825|test|1566|Customer 762|No|8392|Account 762|No
980|test|1272|Customer 763|Yes|2110|Account 763|Yes
164|test|1018|Customer 764|Yes|8754|Account 764|Yes
670|test|1136|Customer 765|Yes|9197|Account 765|Yes
550|test|1909|Customer 766|No|9944|Account 766|Yes
785|test|1543|Customer 767|Yes|8207|Account 767|Yes
856|test|1483|Customer 768|Yes|2867|Account 768|No
313|test|1763|Customer 769|Yes|4912|Account 769|Yes
686|test|1493|Customer 770|No|1827|Account 770|Yes
874|test|1787|Customer 771|No|4191|Account 771|No
657|test|1393|Customer 772|Yes|3123|Account 772|Yes
444|test|1118|Customer 773|Yes|1845|Account 773|Yes
770|test|1525|Customer 774|Yes|1254|Account 774|Yes
722|test|1904|Customer 775|Yes|3874|Account 775|Yes
620|test|1431|Customer 776|Yes|7476|Account 776|Yes
431|test|1746|Customer 777|Yes|2595|Account 777|No
545|test|1090|Customer 778|Yes|4435|Account 778|Yes
845|test|1463|Customer 779|Yes|7402|Account 779|Yes
921|test|1717|Customer 780|Yes|3117|Account 780|No
740|test|1567|Customer 781|Yes|1595|Account 781|Yes
740|test|1210|Customer 782|Yes|7941|Account 782|No
723|test|1876|Customer 783|Yes|9829|Account 783|Yes
470|test|1399|Customer 784|Yes|8348|Account 784|No
177|test|1276|Customer 786|No|2748|Account 786|Yes
786|test|1108|Customer 787|Yes|3859|Account 787|Yes
864|test|1915|Customer 788|Yes|9871|Account 788|No
152|test|1258|Customer 789|Yes|3149|Account 789|Yes
412|test|1700|Customer 790|Yes|1940|Account 790|Yes
389|test|1503|Customer 791|Yes|1161|Account 791|Yes
926|test|1706|Customer 792|No|8921|Account 792|Yes
174|test|1784|Customer 793|Yes|9554|Account 793|Yes
874|test|1337|Customer 794|Yes|1785|Account 794|No
277|test|1448|Customer 795|No|5930|Account 795|No
638|test|1912|Customer 796|Yes|1443|Account 796|No
914|test|1567|Customer 797|Yes|7472|Account 797|No
251|test|1459|Customer 798|Yes|2251|Account 798|Yes
440|test|1047|Customer 799|Yes|8213|Account 799|Yes
944|test|1875|Customer 800|No|1627|Account 800|Yes
981|test|1477|Customer 801|Yes|1373|Account 801|Yes
266|test|1489|Customer 802|No|4043|Account 802|No
160|test|1775|Customer 803|Yes|5005|Account 803|Yes
985|test|1317|Customer 804|Yes|1572|Account 804|Yes
180|test|1510|Customer 805|No|1592|Account 805|Yes
759|test|1650|Customer 806|Yes|3490|Account 806|Yes
575|test|1534|Customer 807|Yes|4401|Account 807|Yes
687|test|1349|Customer 808|No|8294|Account 808|Yes
867|test|1190|Customer 809|No|1079|Account 809|Yes
236|test|1887|Customer 810|Yes|9832|Account 810|No
572|test|1843|Customer 811|No|1289|Account 811|Yes
491|test|1329|Customer 812|Yes|7746|Account 812|Yes
995|test|1097|Customer 813|Yes|2643|Account 813|Yes
588|test|1444|Customer 814|Yes|8159|Account 814|No
330|test|1846|Customer 815|Yes|1812|Account 815|Yes
502|test|1759|Customer 816|Yes|6338|Account 816|No
704|test|1162|Customer 817|Yes|2456|Account 817|Yes
739|test|1168|Customer 818|Yes|2478|Account 818|Yes
246|test|1788|Customer 819|Yes|3505|Account 819|No
960|test|1660|Customer 820|Yes|2891|Account 820|Yes
524|test|1181|Customer 821|Yes|5561|Account 821|Yes
198|test|1168|Customer 822|Yes|8768|Account 822|Yes
629|test|1381|Customer 823|No|9621|Account 823|Yes
677|test|1296|Customer 824|Yes|8745|Account 824|Yes
828|test|1873|Customer 825|Yes|1635|Account 825|Yes
593|test|1593|Customer 826|Yes|7281|Account 826|Yes
721|test|1234|Customer 827|Yes|8730|Account 827|No
924|test|1985|Customer 828|Yes|7788|Account 828|Yes
251|test|1846|Customer 829|Yes|3541|Account 829|Yes
896|test|1624|Customer 830|Yes|5301|Account 830|Yes
535|test|1630|Customer 831|Yes|7418|Account 831|No
634|test|1830|Customer 832|Yes|8915|Account 832|Yes
797|test|1587|Customer 833|Yes|2403|Account 833|Yes
450|test|1047|Customer 834|Yes|4528|Account 834|No
198|test|1771|Customer 835|Yes|8988|Account 835|Yes
177|test|1893|Customer 836|Yes|7721|Account 836|Yes
993|test|1959|Customer 837|Yes|6499|Account 837|Yes
133|test|1634|Customer 838|No|4350|Account 838|Yes
778|test|1397|Customer 839|No|9381|Account 839|No
832|test|1181|Customer 840|No|1362|Account 840|No
240|test|1213|Customer 841|Yes|5707|Account 841|Yes
348|test|1819|Customer 842|Yes|3918|Account 842|Yes
457|test|1721|Customer 843|Yes|8704|Account 843|Yes
500|test|1605|Customer 844|Yes|9612|Account 844|Yes
505|test|1026|Customer 845|Yes|7459|Account 845|Yes
728|test|1629|Customer 846|Yes|2971|Account 846|No
451|test|1595|Customer 847|No|1923|Account 847|Yes
949|test|1603|Customer 848|Yes|5008|Account 848|No
944|test|1607|Customer 849|Yes|1555|Account 849|No
811|test|1077|Customer 850|No|1862|Account 850|Yes
493|test|1949|Customer 851|Yes|1704|Account 851|No
545|test|1256|Customer 852|Yes|9661|Account 852|Yes
420|test|1369|Customer 853|No|7399|Account 853|Yes
742|test|1983|Customer 854|Yes|6775|Account 854|Yes
449|test|1223|Customer 855|Yes|7543|Account 855|Yes
373|test|1591|Customer 856|Yes|2324|Account 856|No
230|test|1223|Customer 857|Yes|2157|Account 857|Yes
120|test|1698|Customer 858|Yes|8682|Account 858|Yes
532|test|1378|Customer 859|Yes|7647|Account 859|Yes
239|test|1584|Customer 860|Yes|2561|Account 860|Yes
558|test|1560|Customer 861|Yes|8835|Account 861|Yes
621|test|1551|Customer 862|Yes|7297|Account 862|Yes
193|test|1936|Customer 863|No|9343|Account 863|No
217|test|1357|Customer 864|Yes|5660|Account 864|Yes
277|test|1032|Customer 865|Yes|9785|Account 865|Yes
446|test|1283|Customer 866|Yes|6597|Account 866|Yes
288|test|1478|Customer 867|Yes|5776|Account 867|Yes
882|test|1672|Customer 868|Yes|3828|Account 868|Yes
263|test|1278|Customer 869|Yes|5105|Account 869|Yes
611|test|1578|Customer 870|Yes|8486|Account 870|Yes
726|test|1822|Customer 871|Yes|1376|Account 871|Yes
544|test|1511|Customer 872|Yes|4880|Account 872|Yes
536|test|1902|Customer 873|Yes|7324|Account 873|Yes
392|test|1470|Customer 874|Yes|7535|Account 874|Yes
948|test|1668|Customer 875|No|4335|Account 875|Yes
478|test|1103|Customer 876|Yes|6109|Account 876|No
406|test|1035|Customer 877|Yes|9176|Account 877|Yes
399|test|1454|Customer 878|No|6830|Account 878|Yes
877|test|1079|Customer 879|No|2546|Account 879|Yes
178|test|1644|Customer 880|Yes|7702|Account 880|Yes
299|test|1181|Customer 881|Yes|1712|Account 881|Yes
675|test|1300|Customer 882|Yes|3370|Account 882|Yes
666|test|1563|Customer 883|Yes|9431|Account 883|No
365|test|1907|Customer 884|Yes|2016|Account 884|Yes
504|test|1775|Customer 885|Yes|9079|Account 885|Yes
647|test|1008|Customer 886|Yes|7282|Account 886|No
627|test|1150|Customer 887|Yes|2037|Account 887|Yes
289|test|1719|Customer 888|Yes|8528|Account 888|Yes
934|test|1758|Customer 889|Yes|7291|Account 889|Yes
281|test|1401|Customer 890|Yes|2042|Account 890|Yes
929|test|1995|Customer 891|Yes|2176|Account 891|Yes
233|test|1917|Customer 892|Yes|7182|Account 892|Yes
395|test|1615|Customer 893|Yes|6961|Account 893|Yes
106|test|1549|Customer 894|Yes|2511|Account 894|Yes
271|test|1921|Customer 895|No|4454|Account 895|Yes
771|test|1668|Customer 896|Yes|3396|Account 896|Yes
292|test|1906|Customer 897|Yes|4816|Account 897|Yes
832|test|1017|Customer 898|Yes|4645|Account 898|Yes
360|test|1249|Customer 899|Yes|3281|Account 899|Yes
280|test|1233|Customer 900|No|7937|Account 900|Yes
696|test|1538|Customer 901|Yes|2299|Account 901|Yes
747|test|1961|Customer 902|No|5664|Account 902|Yes
921|test|1834|Customer 903|Yes|7340|Account 903|Yes
235|test|1051|Customer 904|Yes|6325|Account 904|Yes
614|test|1649|Customer 905|Yes|4428|Account 905|Yes
998|test|1206|Customer 906|Yes|2659|Account 906|Yes
861|test|1564|Customer 907|No|4880|Account 907|Yes
412|test|1092|Customer 908|Yes|4386|Account 908|Yes
953|test|1959|Customer 909|Yes|4347|Account 909|Yes
771|test|1036|Customer 910|Yes|9751|Account 910|Yes
295|test|1707|Customer 911|Yes|8582|Account 911|Yes
629|test|1459|Customer 912|Yes|3790|Account 912|Yes
187|test|1828|Customer 913|No|7488|Account 913|Yes
990|test|1830|Customer 914|No|1449|Account 914|Yes
825|test|1160|Customer 915|Yes|7948|Account 915|Yes
397|test|1650|Customer 916|Yes|9336|Account 916|No
757|test|1622|Customer 917|No|4050|Account 917|Yes
862|test|1299|Customer 918|Yes|7425|Account 918|Yes
326|test|1676|Customer 919|No|1415|Account 919|Yes
235|test|1820|Customer 920|Yes|7715|Account 920|No
638|test|1223|Customer 921|Yes|9880|Account 921|Yes
792|test|1794|Customer 922|Yes|2894|Account 922|Yes
806|test|1042|Customer 923|Yes|9231|Account 923|Yes
166|test|1877|Customer 924|No|5251|Account 924|Yes
487|test|1628|Customer 925|Yes|8782|Account 925|No
733|test|1341|Customer 926|Yes|4029|Account 926|Yes
570|test|1271|Customer 927|Yes|6731|Account 927|No
132|test|1044|Customer 928|Yes|3217|Account 928|Yes
141|test|1358|Customer 929|No|4091|Account 929|No
654|test|1757|Customer 930|Yes|3826|Account 930|Yes
297|test|1038|Customer 931|Yes|4657|Account 931|Yes
878|test|1604|Customer 932|Yes|3174|Account 932|Yes
429|test|1163|Customer 933|Yes|5585|Account 933|No
395|test|1285|Customer 934|No|2797|Account 934|Yes
492|test|1358|Customer 935|Yes|8765|Account 935|No
419|test|1906|Customer 936|Yes|2498|Account 936|No
248|test|1712|Customer 937|Yes|9405|Account 937|Yes
869|test|1366|Customer 938|Yes|3772|Account 938|Yes
460|test|1767|Customer 939|Yes|7942|Account 939|Yes
717|test|1983|Customer 940|Yes|2347|Account 940|Yes
820|test|1039|Customer 941|Yes|5862|Account 941|Yes
176|test|1389|Customer 942|Yes|5076|Account 942|Yes
847|test|1330|Customer 943|Yes|1082|Account 943|Yes
446|test|1138|Customer 944|Yes|5627|Account 944|Yes
431|test|1728|Customer 945|Yes|4639|Account 945|No
836|test|1240|Customer 946|Yes|7655|Account 946|Yes
588|test|1122|Customer 947|Yes|8517|Account 947|Yes
765|test|1714|Customer 948|Yes|2547|Account 948|Yes
663|test|1590|Customer 949|Yes|3151|Account 949|No
793|test|1808|Customer 950|No|8566|Account 950|Yes
184|test|1796|Customer 951|Yes|6975|Account 951|Yes
306|test|1559|Customer 952|Yes|4113|Account 952|Yes
957|test|1722|Customer 953|Yes|2066|Account 953|Yes
872|test|1273|Customer 954|Yes|2499|Account 954|Yes
713|test|1276|Customer 955|Yes|6182|Account 955|Yes
774|test|1805|Customer 956|No|9844|Account 956|Yes
377|test|1701|Customer 957|Yes|6861|Account 957|Yes
298|test|1220|Customer 958|No|5805|Account 958|Yes
418|test|1868|Customer 959|No|1764|Account 959|Yes
232|test|1049|Customer 960|No|9602|Account 960|Yes
939|test|1611|Customer 961|Yes|6790|Account 961|Yes
517|test|1571|Customer 962|Yes|9970|Account 962|Yes
602|test|1164|Customer 963|Yes|3584|Account 963|Yes
185|test|1986|Customer 964|Yes|7317|Account 964|Yes
621|test|1364|Customer 965|Yes|7231|Account 965|No
819|test|1171|Customer 966|Yes|1583|Account 966|Yes
743|test|1738|Customer 967|Yes|2883|Account 967|Yes
247|test|1970|Customer 968|Yes|5049|Account 968|No
405|test|1670|Customer 969|Yes|7648|Account 969|Yes
346|test|1528|Customer 970|No|1331|Account 970|Yes
119|test|1524|Customer 971|No|5126|Account 971|Yes
504|test|1427|Customer 972|No|2875|Account 972|Yes
971|test|1022|Customer 973|Yes|9550|Account 973|No
624|test|1717|Customer 974|Yes|2877|Account 974|Yes
950|test|1085|Customer 975|Yes|8740|Account 975|No
931|test|1163|Customer 976|Yes|9654|Account 976|Yes
880|test|1464|Customer 977|Yes|9142|Account 977|Yes
624|test|1009|Customer 978|No|4505|Account 978|Yes
588|test|1340|Customer 979|Yes|7293|Account 979|Yes
662|test|1090|Customer 980|Yes|7936|Account 980|Yes
228|test|1276|Customer 981|Yes|6210|Account 981|Yes
230|test|1426|Customer 982|No|6468|Account 982|No
637|test|1004|Customer 983|No|3096|Account 983|Yes
764|test|1694|Customer 984|Yes|1385|Account 984|No
352|test|1996|Customer 985|No|4701|Account 985|Yes
368|test|1677|Customer 986|Yes|7180|Account 986|Yes
342|test|1630|Customer 987|Yes|9786|Account 987|Yes
777|test|1071|Customer 988|Yes|1156|Account 988|Yes
111|test|1581|Customer 989|Yes|2428|Account 989|Yes
711|test|1451|Customer 990|Yes|8666|Account 990|Yes
156|test|1938|Customer 991|No|5940|Account 991|Yes
838|test|1699|Customer 992|Yes|7596|Account 992|Yes
728|test|1975|Customer 993|Yes|2344|Account 993|Yes
320|test|1272|Customer 994|Yes|5366|Account 994|Yes
780|test|1648|Customer 995|Yes|5397|Account 995|Yes
103|test|1038|Customer 996|Yes|5014|Account 996|Yes
647|test|1881|Customer 997|No|6954|Account 997|Yes
900|test|1139|Customer 998|Yes|3944|Account 998|Yes
605|test|1581|Customer 999|Yes|9015|Account 999|Yes
493|test|1239|Customer 1000|Yes|7061|Account 1000|Yes
